llm,question,answer,prediction,prompt,raw_prediction,is_pred_right
phi-2,What were the most common HPV types found among Saudi women in the study?,1,,"Study the `question` thoroughly to understand the context and meaning of the query before generating the route to specific route.Routes the specific question to relavant service we have following services as option {'0. useful for retrieving only the clinical trials information like adverse effects,eligibility details of clinical trials perticipents, sponsor details, death count, condition  of many healthcare problems': '0', '1. useful for retrieving general information about healthcare data. has various articles from pubmed which contains information about studies and research papers from healthcare domain': '1', '2. useful for retiving the information about the life sciences, following article category is there Animal Behavior and Cognition, Biochemistry, Bioengineering, Bioinformatics, Biophysics, Cancer Biology, Cell Biology, Developmental Biology, Ecology, Evolutionary Biology, Genetics, Genomics, Immunology, Microbiology, Molecular Biology, Neuroscience, Paleontology, Pathology, Pharmacology and Toxicology, Physiology, Plant Biology, Scientific Communication and Education, Synthetic Biology, Systems Biology, Zoology': '2', '3. useful only for retrieving the drug related information like molecular weights,similarities,smile codes, target medicines, effects on other medicine': '3'}

---

Follow the following format.

Question: Question to be routed to route
Reasoning: Let's think step by step in order to ${produce the answer}. We ...
The route number to the question is: route option should be integer without any additional explaination

---

Question: What was the outcome of ZMIZ1 knockdown on estradiol-induced cell-cycle genes?
The route number to the question is: 2

Question: What is the molecular type of the compound being researched?
The route number to the question is: 3

Question: What is mentioned as a challenge in the genetics of hydrocephalus?
The route number to the question is: 1

Question: What is the type of molecule is Lisinopril?
The route number to the question is: 3

Question: What treatment was given to the participants in Exposure, Dose, Body Burden and Health Effects of Lead
The route number to the question is: 0

Question: What is the main focus of the research paper?
The route number to the question is: 2

Question: What is the canonical smile representation for Lisinopril?
The route number to the question is: 3

Question: What is the total number of splice-associated variant events discovered in the study?
The route number to the question is: 2

Question: What is the type of molecule is Lisinopril?
The route number to the question is: 3

Question: What is the purpose of the study Exposure, Dose, Body Burden and Health Effects of Lead
The route number to the question is: 0

Question: What patient group was included in the study?
The route number to the question is: 1

Question: What treatment was given to the participants in The Combined Effect of 2,3-Dimercaptosuccinic Acid and Multi-Nutrients on Children in Lead Poisoning
The route number to the question is: 0

Question: How is the coexpression of SMYD4 and PRMT5 associated with the prognosis of HCC patients?
The route number to the question is: 1

Question: What type of cardiovascular disease was the study focused on?
The route number to the question is: 1

Question: What were the observed consequences of the SNCA p.V15A variant in in vitro models?
The route number to the question is: 1

Question: What is the chirality of Ciprofloxacin?
The route number to the question is: 3

Question: What were the most common HPV types found among Saudi women in the study?
Reasoning: Let's think step by step in order to --- Question: What is the molecular type of the compound being researched? Reasoning: Let's think step by step in order to<|im_end|> --- Question: What is the molecular type of the compound being researched? Reasoning: Let's think step by step in order to<|im_end|> --- Question: What is the molecular type of the compound being researched? Reasoning: Let's think step by step in order to<|im_end|> --- Question: What is the molecular type of the compound being researched? Reasoning: Let's think step by step in order to<|im_end|
The route number to the question is:","Question: What is the molecular type of the compound being researched?
The route number to the question is:<|im_end|>

Question: What is the molecular type of the compound being researched?
The route number to the question is:<|im_end|>

Question: What is the molecular type of the compound being researched",False
phi-2,Where did the study ROsuvastatin Pretreatment to Reduce MyocArdial Periprocedural Necrosis:Comparison With Atorvastatin Reloading (ROMAIIReload) take place,0,3,"Study the `question` thoroughly to understand the context and meaning of the query before generating the route to specific route.Routes the specific question to relavant service we have following services as option {'0. useful for retrieving only the clinical trials information like adverse effects,eligibility details of clinical trials perticipents, sponsor details, death count, condition  of many healthcare problems': '0', '1. useful for retrieving general information about healthcare data. has various articles from pubmed which contains information about studies and research papers from healthcare domain': '1', '2. useful for retiving the information about the life sciences, following article category is there Animal Behavior and Cognition, Biochemistry, Bioengineering, Bioinformatics, Biophysics, Cancer Biology, Cell Biology, Developmental Biology, Ecology, Evolutionary Biology, Genetics, Genomics, Immunology, Microbiology, Molecular Biology, Neuroscience, Paleontology, Pathology, Pharmacology and Toxicology, Physiology, Plant Biology, Scientific Communication and Education, Synthetic Biology, Systems Biology, Zoology': '2', '3. useful only for retrieving the drug related information like molecular weights,similarities,smile codes, target medicines, effects on other medicine': '3'}

---

Follow the following format.

Question: Question to be routed to route
Reasoning: Let's think step by step in order to ${produce the answer}. We ...
The route number to the question is: route option should be integer without any additional explaination

---

Question: What was the outcome of ZMIZ1 knockdown on estradiol-induced cell-cycle genes?
The route number to the question is: 2

---

Question: What is the molecular type of the compound being researched?
The route number to the question is: 3

---

Question: What is mentioned as a challenge in the genetics of hydrocephalus?
The route number to the question is: 1

---

Question: What is the type of molecule is Lisinopril?
The route number to the question is: 3

---

Question: What treatment was given to the participants in Exposure, Dose, Body Burden and Health Effects of Lead
The route number to the question is: 0

---

Question: What is the main focus of the research paper?
The route number to the question is: 2

---

Question: What is the canonical smile representation for Lisinopril?
The route number to the question is: 3

---

Question: What is the total number of splice-associated variant events discovered in the study?
The route number to the question is: 2

---

Question: What is the type of molecule is Lisinopril?
The route number to the question is: 3

---

Question: What is the purpose of the study Exposure, Dose, Body Burden and Health Effects of Lead
The route number to the question is: 0

---

Question: What patient group was included in the study?
The route number to the question is: 1

---

Question: What treatment was given to the participants in The Combined Effect of 2,3-Dimercaptosuccinic Acid and Multi-Nutrients on Children in Lead Poisoning
The route number to the question is: 0

---

Question: How is the coexpression of SMYD4 and PRMT5 associated with the prognosis of HCC patients?
The route number to the question is: 1

---

Question: What type of cardiovascular disease was the study focused on?
The route number to the question is: 1

---

Question: What were the observed consequences of the SNCA p.V15A variant in in vitro models?
The route number to the question is: 1

---

Question: What is the chirality of Ciprofloxacin?
The route number to the question is: 3

---

Question: Where did the study ROsuvastatin Pretreatment to Reduce MyocArdial Periprocedural Necrosis:Comparison With Atorvastatin Reloading (ROMAIIReload) take place
Reasoning: Let's think step by step in order to","3

---

Question: What is the molecular type of the compound being researched?
The route number to the question is: 3

---

Question: What is the molecular type of the compound being researched?
The route number to the question is: 3

---

Question: What is the molecular type of the compound being researched?
The route number to the question is: 3

---

Question: What is the molecular type of the compound being researched?
The route number to the question is: 3

---

Question: What is the molecular",False
phi-2,"How does mineral binding induce DNA damage, and under what conditions does this occur?",2,,"Study the `question` thoroughly to understand the context and meaning of the query before generating the route to specific route.Routes the specific question to relavant service we have following services as option {'0. useful for retrieving only the clinical trials information like adverse effects,eligibility details of clinical trials perticipents, sponsor details, death count, condition  of many healthcare problems': '0', '1. useful for retrieving general information about healthcare data. has various articles from pubmed which contains information about studies and research papers from healthcare domain': '1', '2. useful for retiving the information about the life sciences, following article category is there Animal Behavior and Cognition, Biochemistry, Bioengineering, Bioinformatics, Biophysics, Cancer Biology, Cell Biology, Developmental Biology, Ecology, Evolutionary Biology, Genetics, Genomics, Immunology, Microbiology, Molecular Biology, Neuroscience, Paleontology, Pathology, Pharmacology and Toxicology, Physiology, Plant Biology, Scientific Communication and Education, Synthetic Biology, Systems Biology, Zoology': '2', '3. useful only for retrieving the drug related information like molecular weights,similarities,smile codes, target medicines, effects on other medicine': '3'}

---

Follow the following format.

Question: Question to be routed to route
Reasoning: Let's think step by step in order to ${produce the answer}. We ...
The route number to the question is: route option should be integer without any additional explaination

---

Question: What was the outcome of ZMIZ1 knockdown on estradiol-induced cell-cycle genes?
The route number to the question is: 2

Question: What is the molecular type of the compound being researched?
The route number to the question is: 3

Question: What is mentioned as a challenge in the genetics of hydrocephalus?
The route number to the question is: 1

Question: What is the type of molecule is Lisinopril?
The route number to the question is: 3

Question: What treatment was given to the participants in Exposure, Dose, Body Burden and Health Effects of Lead
The route number to the question is: 0

Question: What is the main focus of the research paper?
The route number to the question is: 2

Question: What is the canonical smile representation for Lisinopril?
The route number to the question is: 3

Question: What is the total number of splice-associated variant events discovered in the study?
The route number to the question is: 2

Question: What is the type of molecule is Lisinopril?
The route number to the question is: 3

Question: What is the purpose of the study Exposure, Dose, Body Burden and Health Effects of Lead
The route number to the question is: 0

Question: What patient group was included in the study?
The route number to the question is: 1

Question: What treatment was given to the participants in The Combined Effect of 2,3-Dimercaptosuccinic Acid and Multi-Nutrients on Children in Lead Poisoning
The route number to the question is: 0

Question: How is the coexpression of SMYD4 and PRMT5 associated with the prognosis of HCC patients?
The route number to the question is: 1

Question: What type of cardiovascular disease was the study focused on?
The route number to the question is: 1

Question: What were the observed consequences of the SNCA p.V15A variant in in vitro models?
The route number to the question is: 1

Question: What is the chirality of Ciprofloxacin?
The route number to the question is: 3

Question: How does mineral binding induce DNA damage, and under what conditions does this occur?
Reasoning: Let's think step by step in order to --- Question: What is the molecular type of the compound being researched? Reasoning: Let's think step by step in order to<|im_end|> --- Question: What is the molecular type of the compound being researched? Reasoning: Let's think step by step in order to<|im_end|> --- Question: What is the molecular type of the compound being researched? Reasoning: Let's think step by step in order to<|im_end|> --- Question: What is the molecular type of the compound being researched? Reasoning: Let's think step by step in order to<|im_end|
The route number to the question is:","Question: What is the molecular type of the compound being researched? Reasoning: Let's think step by step in order to<|im_end|>
The route number to the question is:<|im_end|>

Question: What is the molecular type of the compound being researched? Reasoning: Let's think step by step in order",False
phi-2,What is the impact of targeting ZMIZ1 in ER-positive cancer cell lines?,2,3,"Study the `question` thoroughly to understand the context and meaning of the query before generating the route to specific route.Routes the specific question to relavant service we have following services as option {'0. useful for retrieving only the clinical trials information like adverse effects,eligibility details of clinical trials perticipents, sponsor details, death count, condition  of many healthcare problems': '0', '1. useful for retrieving general information about healthcare data. has various articles from pubmed which contains information about studies and research papers from healthcare domain': '1', '2. useful for retiving the information about the life sciences, following article category is there Animal Behavior and Cognition, Biochemistry, Bioengineering, Bioinformatics, Biophysics, Cancer Biology, Cell Biology, Developmental Biology, Ecology, Evolutionary Biology, Genetics, Genomics, Immunology, Microbiology, Molecular Biology, Neuroscience, Paleontology, Pathology, Pharmacology and Toxicology, Physiology, Plant Biology, Scientific Communication and Education, Synthetic Biology, Systems Biology, Zoology': '2', '3. useful only for retrieving the drug related information like molecular weights,similarities,smile codes, target medicines, effects on other medicine': '3'}

---

Follow the following format.

Question: Question to be routed to route
Reasoning: Let's think step by step in order to ${produce the answer}. We ...
The route number to the question is: route option should be integer without any additional explaination

---

Question: What was the outcome of ZMIZ1 knockdown on estradiol-induced cell-cycle genes?
The route number to the question is: 2

---

Question: What is the molecular type of the compound being researched?
The route number to the question is: 3

---

Question: What is mentioned as a challenge in the genetics of hydrocephalus?
The route number to the question is: 1

---

Question: What is the type of molecule is Lisinopril?
The route number to the question is: 3

---

Question: What treatment was given to the participants in Exposure, Dose, Body Burden and Health Effects of Lead
The route number to the question is: 0

---

Question: What is the main focus of the research paper?
The route number to the question is: 2

---

Question: What is the canonical smile representation for Lisinopril?
The route number to the question is: 3

---

Question: What is the total number of splice-associated variant events discovered in the study?
The route number to the question is: 2

---

Question: What is the type of molecule is Lisinopril?
The route number to the question is: 3

---

Question: What is the purpose of the study Exposure, Dose, Body Burden and Health Effects of Lead
The route number to the question is: 0

---

Question: What patient group was included in the study?
The route number to the question is: 1

---

Question: What treatment was given to the participants in The Combined Effect of 2,3-Dimercaptosuccinic Acid and Multi-Nutrients on Children in Lead Poisoning
The route number to the question is: 0

---

Question: How is the coexpression of SMYD4 and PRMT5 associated with the prognosis of HCC patients?
The route number to the question is: 1

---

Question: What type of cardiovascular disease was the study focused on?
The route number to the question is: 1

---

Question: What were the observed consequences of the SNCA p.V15A variant in in vitro models?
The route number to the question is: 1

---

Question: What is the chirality of Ciprofloxacin?
The route number to the question is: 3

---

Question: What is the impact of targeting ZMIZ1 in ER-positive cancer cell lines?
Reasoning: Let's think step by step in order to","3

---

Question: What is the type of molecule is Lisinopril?
The route number to the question is: 3

---

Question: What treatment was given to the participants in Exposure, Dose, Body Burden and Health Effects of Lead
The route number to the question is: 0

---

Question: What is the main focus of the research paper?
The route number to the question is: 2

---

Question: What is the canonical smile representation for Lisinopril?
The route number to the question is: 3",False
phi-2,Can you provide examples of previously unreported patterns of splicing disruption identified in known cancer drivers using RegTools?,2,3,"Study the `question` thoroughly to understand the context and meaning of the query before generating the route to specific route.Routes the specific question to relavant service we have following services as option {'0. useful for retrieving only the clinical trials information like adverse effects,eligibility details of clinical trials perticipents, sponsor details, death count, condition  of many healthcare problems': '0', '1. useful for retrieving general information about healthcare data. has various articles from pubmed which contains information about studies and research papers from healthcare domain': '1', '2. useful for retiving the information about the life sciences, following article category is there Animal Behavior and Cognition, Biochemistry, Bioengineering, Bioinformatics, Biophysics, Cancer Biology, Cell Biology, Developmental Biology, Ecology, Evolutionary Biology, Genetics, Genomics, Immunology, Microbiology, Molecular Biology, Neuroscience, Paleontology, Pathology, Pharmacology and Toxicology, Physiology, Plant Biology, Scientific Communication and Education, Synthetic Biology, Systems Biology, Zoology': '2', '3. useful only for retrieving the drug related information like molecular weights,similarities,smile codes, target medicines, effects on other medicine': '3'}

---

Follow the following format.

Question: Question to be routed to route
Reasoning: Let's think step by step in order to ${produce the answer}. We ...
The route number to the question is: route option should be integer without any additional explaination

---

Question: What was the outcome of ZMIZ1 knockdown on estradiol-induced cell-cycle genes?
The route number to the question is: 2

---

Question: What is the molecular type of the compound being researched?
The route number to the question is: 3

---

Question: What is mentioned as a challenge in the genetics of hydrocephalus?
The route number to the question is: 1

---

Question: What is the type of molecule is Lisinopril?
The route number to the question is: 3

---

Question: What treatment was given to the participants in Exposure, Dose, Body Burden and Health Effects of Lead
The route number to the question is: 0

---

Question: What is the main focus of the research paper?
The route number to the question is: 2

---

Question: What is the canonical smile representation for Lisinopril?
The route number to the question is: 3

---

Question: What is the total number of splice-associated variant events discovered in the study?
The route number to the question is: 2

---

Question: What is the type of molecule is Lisinopril?
The route number to the question is: 3

---

Question: What is the purpose of the study Exposure, Dose, Body Burden and Health Effects of Lead
The route number to the question is: 0

---

Question: What patient group was included in the study?
The route number to the question is: 1

---

Question: What treatment was given to the participants in The Combined Effect of 2,3-Dimercaptosuccinic Acid and Multi-Nutrients on Children in Lead Poisoning
The route number to the question is: 0

---

Question: How is the coexpression of SMYD4 and PRMT5 associated with the prognosis of HCC patients?
The route number to the question is: 1

---

Question: What type of cardiovascular disease was the study focused on?
The route number to the question is: 1

---

Question: What were the observed consequences of the SNCA p.V15A variant in in vitro models?
The route number to the question is: 1

---

Question: What is the chirality of Ciprofloxacin?
The route number to the question is: 3

---

Question: Can you provide examples of previously unreported patterns of splicing disruption identified in known cancer drivers using RegTools?
Reasoning: Let's think step by step in order to","3

---

Question: What is the molecular type of the compound being researched?
The route number to the question is: 3

---

Question: What is the molecular type of the compound being researched?
The route number to the question is: 3

---

Question: What is the molecular type of the compound being researched?
The route number to the question is: 3

---

Question: What is the molecular type of the compound being researched?
The route number to the question is: 3

---

Question: What is the molecular",False
phi-2,How many participants was enrolled in Recipient Vessels for Free Tissue Flaps in Advanced Oncologic Defects of the Midface and Scalp,0,3,"Study the `question` thoroughly to understand the context and meaning of the query before generating the route to specific route.Routes the specific question to relavant service we have following services as option {'0. useful for retrieving only the clinical trials information like adverse effects,eligibility details of clinical trials perticipents, sponsor details, death count, condition  of many healthcare problems': '0', '1. useful for retrieving general information about healthcare data. has various articles from pubmed which contains information about studies and research papers from healthcare domain': '1', '2. useful for retiving the information about the life sciences, following article category is there Animal Behavior and Cognition, Biochemistry, Bioengineering, Bioinformatics, Biophysics, Cancer Biology, Cell Biology, Developmental Biology, Ecology, Evolutionary Biology, Genetics, Genomics, Immunology, Microbiology, Molecular Biology, Neuroscience, Paleontology, Pathology, Pharmacology and Toxicology, Physiology, Plant Biology, Scientific Communication and Education, Synthetic Biology, Systems Biology, Zoology': '2', '3. useful only for retrieving the drug related information like molecular weights,similarities,smile codes, target medicines, effects on other medicine': '3'}

---

Follow the following format.

Question: Question to be routed to route
Reasoning: Let's think step by step in order to ${produce the answer}. We ...
The route number to the question is: route option should be integer without any additional explaination

---

Question: What was the outcome of ZMIZ1 knockdown on estradiol-induced cell-cycle genes?
The route number to the question is: 2

---

Question: What is the molecular type of the compound being researched?
The route number to the question is: 3

---

Question: What is mentioned as a challenge in the genetics of hydrocephalus?
The route number to the question is: 1

---

Question: What is the type of molecule is Lisinopril?
The route number to the question is: 3

---

Question: What treatment was given to the participants in Exposure, Dose, Body Burden and Health Effects of Lead
The route number to the question is: 0

---

Question: What is the main focus of the research paper?
The route number to the question is: 2

---

Question: What is the canonical smile representation for Lisinopril?
The route number to the question is: 3

---

Question: What is the total number of splice-associated variant events discovered in the study?
The route number to the question is: 2

---

Question: What is the type of molecule is Lisinopril?
The route number to the question is: 3

---

Question: What is the purpose of the study Exposure, Dose, Body Burden and Health Effects of Lead
The route number to the question is: 0

---

Question: What patient group was included in the study?
The route number to the question is: 1

---

Question: What treatment was given to the participants in The Combined Effect of 2,3-Dimercaptosuccinic Acid and Multi-Nutrients on Children in Lead Poisoning
The route number to the question is: 0

---

Question: How is the coexpression of SMYD4 and PRMT5 associated with the prognosis of HCC patients?
The route number to the question is: 1

---

Question: What type of cardiovascular disease was the study focused on?
The route number to the question is: 1

---

Question: What were the observed consequences of the SNCA p.V15A variant in in vitro models?
The route number to the question is: 1

---

Question: What is the chirality of Ciprofloxacin?
The route number to the question is: 3

---

Question: How many participants was enrolled in Recipient Vessels for Free Tissue Flaps in Advanced Oncologic Defects of the Midface and Scalp
Reasoning: Let's think step by step in order to","3

---

Question: What is the type of molecule is Lisinopril?
The route number to the question is: 3

---

Question: What treatment was given to the participants in Exposure, Dose, Body Burden and Health Effects of Lead
The route number to the question is: 0

---

Question: What is the main focus of the research paper?
The route number to the question is: 2

---

Question: What is the canonical smile representation for Lisinopril?
The route number to the question is: 3",False
phi-2,Where did this Ilomedin Treatment for Patients Having Undergone Primary Percutaneous Coronary Intervention (PCI) study took place? ,0,3,"Study the `question` thoroughly to understand the context and meaning of the query before generating the route to specific route.Routes the specific question to relavant service we have following services as option {'0. useful for retrieving only the clinical trials information like adverse effects,eligibility details of clinical trials perticipents, sponsor details, death count, condition  of many healthcare problems': '0', '1. useful for retrieving general information about healthcare data. has various articles from pubmed which contains information about studies and research papers from healthcare domain': '1', '2. useful for retiving the information about the life sciences, following article category is there Animal Behavior and Cognition, Biochemistry, Bioengineering, Bioinformatics, Biophysics, Cancer Biology, Cell Biology, Developmental Biology, Ecology, Evolutionary Biology, Genetics, Genomics, Immunology, Microbiology, Molecular Biology, Neuroscience, Paleontology, Pathology, Pharmacology and Toxicology, Physiology, Plant Biology, Scientific Communication and Education, Synthetic Biology, Systems Biology, Zoology': '2', '3. useful only for retrieving the drug related information like molecular weights,similarities,smile codes, target medicines, effects on other medicine': '3'}

---

Follow the following format.

Question: Question to be routed to route
Reasoning: Let's think step by step in order to ${produce the answer}. We ...
The route number to the question is: route option should be integer without any additional explaination

---

Question: What was the outcome of ZMIZ1 knockdown on estradiol-induced cell-cycle genes?
The route number to the question is: 2

---

Question: What is the molecular type of the compound being researched?
The route number to the question is: 3

---

Question: What is mentioned as a challenge in the genetics of hydrocephalus?
The route number to the question is: 1

---

Question: What is the type of molecule is Lisinopril?
The route number to the question is: 3

---

Question: What treatment was given to the participants in Exposure, Dose, Body Burden and Health Effects of Lead
The route number to the question is: 0

---

Question: What is the main focus of the research paper?
The route number to the question is: 2

---

Question: What is the canonical smile representation for Lisinopril?
The route number to the question is: 3

---

Question: What is the total number of splice-associated variant events discovered in the study?
The route number to the question is: 2

---

Question: What is the type of molecule is Lisinopril?
The route number to the question is: 3

---

Question: What is the purpose of the study Exposure, Dose, Body Burden and Health Effects of Lead
The route number to the question is: 0

---

Question: What patient group was included in the study?
The route number to the question is: 1

---

Question: What treatment was given to the participants in The Combined Effect of 2,3-Dimercaptosuccinic Acid and Multi-Nutrients on Children in Lead Poisoning
The route number to the question is: 0

---

Question: How is the coexpression of SMYD4 and PRMT5 associated with the prognosis of HCC patients?
The route number to the question is: 1

---

Question: What type of cardiovascular disease was the study focused on?
The route number to the question is: 1

---

Question: What were the observed consequences of the SNCA p.V15A variant in in vitro models?
The route number to the question is: 1

---

Question: What is the chirality of Ciprofloxacin?
The route number to the question is: 3

---

Question: Where did this Ilomedin Treatment for Patients Having Undergone Primary Percutaneous Coronary Intervention (PCI) study took place?
Reasoning: Let's think step by step in order to","3

---

Question: What is the molecular type of the compound being researched?
The route number to the question is: 3

---

Question: What is the molecular type of the compound being researched?
The route number to the question is: 3

---

Question: What is the molecular type of the compound being researched?
The route number to the question is: 3

---

Question: What is the molecular type of the compound being researched?
The route number to the question is: 3

---

Question: What is the molecular",False
phi-2,What is the value of alogp for Amoxicillin?,3,,"Study the `question` thoroughly to understand the context and meaning of the query before generating the route to specific route.Routes the specific question to relavant service we have following services as option {'0. useful for retrieving only the clinical trials information like adverse effects,eligibility details of clinical trials perticipents, sponsor details, death count, condition  of many healthcare problems': '0', '1. useful for retrieving general information about healthcare data. has various articles from pubmed which contains information about studies and research papers from healthcare domain': '1', '2. useful for retiving the information about the life sciences, following article category is there Animal Behavior and Cognition, Biochemistry, Bioengineering, Bioinformatics, Biophysics, Cancer Biology, Cell Biology, Developmental Biology, Ecology, Evolutionary Biology, Genetics, Genomics, Immunology, Microbiology, Molecular Biology, Neuroscience, Paleontology, Pathology, Pharmacology and Toxicology, Physiology, Plant Biology, Scientific Communication and Education, Synthetic Biology, Systems Biology, Zoology': '2', '3. useful only for retrieving the drug related information like molecular weights,similarities,smile codes, target medicines, effects on other medicine': '3'}

---

Follow the following format.

Question: Question to be routed to route
Reasoning: Let's think step by step in order to ${produce the answer}. We ...
The route number to the question is: route option should be integer without any additional explaination

---

Question: What was the outcome of ZMIZ1 knockdown on estradiol-induced cell-cycle genes?
The route number to the question is: 2

Question: What is the molecular type of the compound being researched?
The route number to the question is: 3

Question: What is mentioned as a challenge in the genetics of hydrocephalus?
The route number to the question is: 1

Question: What is the type of molecule is Lisinopril?
The route number to the question is: 3

Question: What treatment was given to the participants in Exposure, Dose, Body Burden and Health Effects of Lead
The route number to the question is: 0

Question: What is the main focus of the research paper?
The route number to the question is: 2

Question: What is the canonical smile representation for Lisinopril?
The route number to the question is: 3

Question: What is the total number of splice-associated variant events discovered in the study?
The route number to the question is: 2

Question: What is the type of molecule is Lisinopril?
The route number to the question is: 3

Question: What is the purpose of the study Exposure, Dose, Body Burden and Health Effects of Lead
The route number to the question is: 0

Question: What patient group was included in the study?
The route number to the question is: 1

Question: What treatment was given to the participants in The Combined Effect of 2,3-Dimercaptosuccinic Acid and Multi-Nutrients on Children in Lead Poisoning
The route number to the question is: 0

Question: How is the coexpression of SMYD4 and PRMT5 associated with the prognosis of HCC patients?
The route number to the question is: 1

Question: What type of cardiovascular disease was the study focused on?
The route number to the question is: 1

Question: What were the observed consequences of the SNCA p.V15A variant in in vitro models?
The route number to the question is: 1

Question: What is the chirality of Ciprofloxacin?
The route number to the question is: 3

Question: What is the value of alogp for Amoxicillin?
Reasoning: Let's think step by step in order to --- Question: What is the molecular type of the compound being researched? Reasoning: Let's think step by step in order to<|im_end|> --- Question: What is the molecular type of the compound being researched? Reasoning: Let's think step by step in order to<|im_end|> --- Question: What is the molecular type of the compound being researched? Reasoning: Let's think step by step in order to<|im_end|> --- Question: What is the molecular type of the compound being researched? Reasoning: Let's think step by step in order to<|im_end|
The route number to the question is:","Question: What is the molecular type of the compound being researched?
The route number to the question is:<|im_end|>

Question: What is the molecular type of the compound being researched?
The route number to the question is:<|im_end|>

Question: What is the molecular type of the compound being researched",False
phi-2,What is the chirality of Aspirin?,3,3,"Study the `question` thoroughly to understand the context and meaning of the query before generating the route to specific route.Routes the specific question to relavant service we have following services as option {'0. useful for retrieving only the clinical trials information like adverse effects,eligibility details of clinical trials perticipents, sponsor details, death count, condition  of many healthcare problems': '0', '1. useful for retrieving general information about healthcare data. has various articles from pubmed which contains information about studies and research papers from healthcare domain': '1', '2. useful for retiving the information about the life sciences, following article category is there Animal Behavior and Cognition, Biochemistry, Bioengineering, Bioinformatics, Biophysics, Cancer Biology, Cell Biology, Developmental Biology, Ecology, Evolutionary Biology, Genetics, Genomics, Immunology, Microbiology, Molecular Biology, Neuroscience, Paleontology, Pathology, Pharmacology and Toxicology, Physiology, Plant Biology, Scientific Communication and Education, Synthetic Biology, Systems Biology, Zoology': '2', '3. useful only for retrieving the drug related information like molecular weights,similarities,smile codes, target medicines, effects on other medicine': '3'}

---

Follow the following format.

Question: Question to be routed to route
Reasoning: Let's think step by step in order to ${produce the answer}. We ...
The route number to the question is: route option should be integer without any additional explaination

---

Question: What was the outcome of ZMIZ1 knockdown on estradiol-induced cell-cycle genes?
The route number to the question is: 2

---

Question: What is the molecular type of the compound being researched?
The route number to the question is: 3

---

Question: What is mentioned as a challenge in the genetics of hydrocephalus?
The route number to the question is: 1

---

Question: What is the type of molecule is Lisinopril?
The route number to the question is: 3

---

Question: What treatment was given to the participants in Exposure, Dose, Body Burden and Health Effects of Lead
The route number to the question is: 0

---

Question: What is the main focus of the research paper?
The route number to the question is: 2

---

Question: What is the canonical smile representation for Lisinopril?
The route number to the question is: 3

---

Question: What is the total number of splice-associated variant events discovered in the study?
The route number to the question is: 2

---

Question: What is the type of molecule is Lisinopril?
The route number to the question is: 3

---

Question: What is the purpose of the study Exposure, Dose, Body Burden and Health Effects of Lead
The route number to the question is: 0

---

Question: What patient group was included in the study?
The route number to the question is: 1

---

Question: What treatment was given to the participants in The Combined Effect of 2,3-Dimercaptosuccinic Acid and Multi-Nutrients on Children in Lead Poisoning
The route number to the question is: 0

---

Question: How is the coexpression of SMYD4 and PRMT5 associated with the prognosis of HCC patients?
The route number to the question is: 1

---

Question: What type of cardiovascular disease was the study focused on?
The route number to the question is: 1

---

Question: What were the observed consequences of the SNCA p.V15A variant in in vitro models?
The route number to the question is: 1

---

Question: What is the chirality of Ciprofloxacin?
The route number to the question is: 3

---

Question: What is the chirality of Aspirin?
Reasoning: Let's think step by step in order to","3

---

Question: What is the chirality of Aspirin?
The route number to the question is: 3

---

Question: What is the chirality of Ciprofloxacin?
The route number to the question is: 3

---

Question: What is the chirality of Aspirin?
The route number to the question is: 3

---

Question: What is the chirality of Ciprofloxacin?
The route number to the question is:",True
phi-2,What is the molecular formula for Aspirin?,3,,"Study the `question` thoroughly to understand the context and meaning of the query before generating the route to specific route.Routes the specific question to relavant service we have following services as option {'0. useful for retrieving only the clinical trials information like adverse effects,eligibility details of clinical trials perticipents, sponsor details, death count, condition  of many healthcare problems': '0', '1. useful for retrieving general information about healthcare data. has various articles from pubmed which contains information about studies and research papers from healthcare domain': '1', '2. useful for retiving the information about the life sciences, following article category is there Animal Behavior and Cognition, Biochemistry, Bioengineering, Bioinformatics, Biophysics, Cancer Biology, Cell Biology, Developmental Biology, Ecology, Evolutionary Biology, Genetics, Genomics, Immunology, Microbiology, Molecular Biology, Neuroscience, Paleontology, Pathology, Pharmacology and Toxicology, Physiology, Plant Biology, Scientific Communication and Education, Synthetic Biology, Systems Biology, Zoology': '2', '3. useful only for retrieving the drug related information like molecular weights,similarities,smile codes, target medicines, effects on other medicine': '3'}

---

Follow the following format.

Question: Question to be routed to route
Reasoning: Let's think step by step in order to ${produce the answer}. We ...
The route number to the question is: route option should be integer without any additional explaination

---

Question: What was the outcome of ZMIZ1 knockdown on estradiol-induced cell-cycle genes?
The route number to the question is: 2

Question: What is the molecular type of the compound being researched?
The route number to the question is: 3

Question: What is mentioned as a challenge in the genetics of hydrocephalus?
The route number to the question is: 1

Question: What is the type of molecule is Lisinopril?
The route number to the question is: 3

Question: What treatment was given to the participants in Exposure, Dose, Body Burden and Health Effects of Lead
The route number to the question is: 0

Question: What is the main focus of the research paper?
The route number to the question is: 2

Question: What is the canonical smile representation for Lisinopril?
The route number to the question is: 3

Question: What is the total number of splice-associated variant events discovered in the study?
The route number to the question is: 2

Question: What is the type of molecule is Lisinopril?
The route number to the question is: 3

Question: What is the purpose of the study Exposure, Dose, Body Burden and Health Effects of Lead
The route number to the question is: 0

Question: What patient group was included in the study?
The route number to the question is: 1

Question: What treatment was given to the participants in The Combined Effect of 2,3-Dimercaptosuccinic Acid and Multi-Nutrients on Children in Lead Poisoning
The route number to the question is: 0

Question: How is the coexpression of SMYD4 and PRMT5 associated with the prognosis of HCC patients?
The route number to the question is: 1

Question: What type of cardiovascular disease was the study focused on?
The route number to the question is: 1

Question: What were the observed consequences of the SNCA p.V15A variant in in vitro models?
The route number to the question is: 1

Question: What is the chirality of Ciprofloxacin?
The route number to the question is: 3

Question: What is the molecular formula for Aspirin?
Reasoning: Let's think step by step in order to --- Question: What is the molecular formula for Aspirin? Reasoning: Let's think step by step in order to${produce the answer}. We ... The molecular formula for Aspirin is C9H8O4. --- Question: What is the molecular formula for Aspirin? Reasoning: Let's think step by step in order to${produce the answer}. We ... The molecular formula for Aspirin is C9H8O4. --- Question: What is the molecular formula for Aspirin? Reasoning: Let's think step by step in order to${produce the answer}. We ... The molecular formula for
The route number to the question is:","---

Question: What is the molecular formula for Aspirin?
The route number to the question is:<|im_start|>user
Study the `question` thoroughly to understand the context and meaning of the query before generating the route to specific route.Routes the specific question to relavant service we have following services as option {",False
phi-2,What is the impact of antibiotic selection on E. faecalis CRISPR-Cas function?,2,2,"Study the `question` thoroughly to understand the context and meaning of the query before generating the route to specific route.Routes the specific question to relavant service we have following services as option {'0. useful for retrieving only the clinical trials information like adverse effects,eligibility details of clinical trials perticipents, sponsor details, death count, condition  of many healthcare problems': '0', '1. useful for retrieving general information about healthcare data. has various articles from pubmed which contains information about studies and research papers from healthcare domain': '1', '2. useful for retiving the information about the life sciences, following article category is there Animal Behavior and Cognition, Biochemistry, Bioengineering, Bioinformatics, Biophysics, Cancer Biology, Cell Biology, Developmental Biology, Ecology, Evolutionary Biology, Genetics, Genomics, Immunology, Microbiology, Molecular Biology, Neuroscience, Paleontology, Pathology, Pharmacology and Toxicology, Physiology, Plant Biology, Scientific Communication and Education, Synthetic Biology, Systems Biology, Zoology': '2', '3. useful only for retrieving the drug related information like molecular weights,similarities,smile codes, target medicines, effects on other medicine': '3'}

---

Follow the following format.

Question: Question to be routed to route
Reasoning: Let's think step by step in order to ${produce the answer}. We ...
The route number to the question is: route option should be integer without any additional explaination

---

Question: What was the outcome of ZMIZ1 knockdown on estradiol-induced cell-cycle genes?
The route number to the question is: 2

---

Question: What is the molecular type of the compound being researched?
The route number to the question is: 3

---

Question: What is mentioned as a challenge in the genetics of hydrocephalus?
The route number to the question is: 1

---

Question: What is the type of molecule is Lisinopril?
The route number to the question is: 3

---

Question: What treatment was given to the participants in Exposure, Dose, Body Burden and Health Effects of Lead
The route number to the question is: 0

---

Question: What is the main focus of the research paper?
The route number to the question is: 2

---

Question: What is the canonical smile representation for Lisinopril?
The route number to the question is: 3

---

Question: What is the total number of splice-associated variant events discovered in the study?
The route number to the question is: 2

---

Question: What is the type of molecule is Lisinopril?
The route number to the question is: 3

---

Question: What is the purpose of the study Exposure, Dose, Body Burden and Health Effects of Lead
The route number to the question is: 0

---

Question: What patient group was included in the study?
The route number to the question is: 1

---

Question: What treatment was given to the participants in The Combined Effect of 2,3-Dimercaptosuccinic Acid and Multi-Nutrients on Children in Lead Poisoning
The route number to the question is: 0

---

Question: How is the coexpression of SMYD4 and PRMT5 associated with the prognosis of HCC patients?
The route number to the question is: 1

---

Question: What type of cardiovascular disease was the study focused on?
The route number to the question is: 1

---

Question: What were the observed consequences of the SNCA p.V15A variant in in vitro models?
The route number to the question is: 1

---

Question: What is the chirality of Ciprofloxacin?
The route number to the question is: 3

---

Question: What is the impact of antibiotic selection on E. faecalis CRISPR-Cas function?
Reasoning: Let's think step by step in order to","2

---

Question: What is the impact of antibiotic selection on E. faecalis CRISPR-Cas function?
Reasoning: Let's think step by step in order to${produce the answer}. We ...
The route number to the question is: 2

---

Question: What is the impact of antibiotic selection on E. faecalis CRISPR-Cas function?
Reasoning: Let's think step",True
phi-2,Why is there an urgent need to understand the genetic architecture and molecular pathogenesis of hydrocephalus?,1,3,"Study the `question` thoroughly to understand the context and meaning of the query before generating the route to specific route.Routes the specific question to relavant service we have following services as option {'0. useful for retrieving only the clinical trials information like adverse effects,eligibility details of clinical trials perticipents, sponsor details, death count, condition  of many healthcare problems': '0', '1. useful for retrieving general information about healthcare data. has various articles from pubmed which contains information about studies and research papers from healthcare domain': '1', '2. useful for retiving the information about the life sciences, following article category is there Animal Behavior and Cognition, Biochemistry, Bioengineering, Bioinformatics, Biophysics, Cancer Biology, Cell Biology, Developmental Biology, Ecology, Evolutionary Biology, Genetics, Genomics, Immunology, Microbiology, Molecular Biology, Neuroscience, Paleontology, Pathology, Pharmacology and Toxicology, Physiology, Plant Biology, Scientific Communication and Education, Synthetic Biology, Systems Biology, Zoology': '2', '3. useful only for retrieving the drug related information like molecular weights,similarities,smile codes, target medicines, effects on other medicine': '3'}

---

Follow the following format.

Question: Question to be routed to route
Reasoning: Let's think step by step in order to ${produce the answer}. We ...
The route number to the question is: route option should be integer without any additional explaination

---

Question: What was the outcome of ZMIZ1 knockdown on estradiol-induced cell-cycle genes?
The route number to the question is: 2

---

Question: What is the molecular type of the compound being researched?
The route number to the question is: 3

---

Question: What is mentioned as a challenge in the genetics of hydrocephalus?
The route number to the question is: 1

---

Question: What is the type of molecule is Lisinopril?
The route number to the question is: 3

---

Question: What treatment was given to the participants in Exposure, Dose, Body Burden and Health Effects of Lead
The route number to the question is: 0

---

Question: What is the main focus of the research paper?
The route number to the question is: 2

---

Question: What is the canonical smile representation for Lisinopril?
The route number to the question is: 3

---

Question: What is the total number of splice-associated variant events discovered in the study?
The route number to the question is: 2

---

Question: What is the type of molecule is Lisinopril?
The route number to the question is: 3

---

Question: What is the purpose of the study Exposure, Dose, Body Burden and Health Effects of Lead
The route number to the question is: 0

---

Question: What patient group was included in the study?
The route number to the question is: 1

---

Question: What treatment was given to the participants in The Combined Effect of 2,3-Dimercaptosuccinic Acid and Multi-Nutrients on Children in Lead Poisoning
The route number to the question is: 0

---

Question: How is the coexpression of SMYD4 and PRMT5 associated with the prognosis of HCC patients?
The route number to the question is: 1

---

Question: What type of cardiovascular disease was the study focused on?
The route number to the question is: 1

---

Question: What were the observed consequences of the SNCA p.V15A variant in in vitro models?
The route number to the question is: 1

---

Question: What is the chirality of Ciprofloxacin?
The route number to the question is: 3

---

Question: Why is there an urgent need to understand the genetic architecture and molecular pathogenesis of hydrocephalus?
Reasoning: Let's think step by step in order to","3

---

Question: What is the molecular type of the compound being researched?
The route number to the question is: 3

---

Question: What is the molecular type of the compound being researched?
The route number to the question is: 3

---

Question: What is the molecular type of the compound being researched?
The route number to the question is: 3

---

Question: What is the molecular type of the compound being researched?
The route number to the question is: 3

---

Question: What is the molecular",False
phi-2,What is the AlogP value for Ibuprofen?,3,,"Study the `question` thoroughly to understand the context and meaning of the query before generating the route to specific route.Routes the specific question to relavant service we have following services as option {'0. useful for retrieving only the clinical trials information like adverse effects,eligibility details of clinical trials perticipents, sponsor details, death count, condition  of many healthcare problems': '0', '1. useful for retrieving general information about healthcare data. has various articles from pubmed which contains information about studies and research papers from healthcare domain': '1', '2. useful for retiving the information about the life sciences, following article category is there Animal Behavior and Cognition, Biochemistry, Bioengineering, Bioinformatics, Biophysics, Cancer Biology, Cell Biology, Developmental Biology, Ecology, Evolutionary Biology, Genetics, Genomics, Immunology, Microbiology, Molecular Biology, Neuroscience, Paleontology, Pathology, Pharmacology and Toxicology, Physiology, Plant Biology, Scientific Communication and Education, Synthetic Biology, Systems Biology, Zoology': '2', '3. useful only for retrieving the drug related information like molecular weights,similarities,smile codes, target medicines, effects on other medicine': '3'}

---

Follow the following format.

Question: Question to be routed to route
Reasoning: Let's think step by step in order to ${produce the answer}. We ...
The route number to the question is: route option should be integer without any additional explaination

---

Question: What was the outcome of ZMIZ1 knockdown on estradiol-induced cell-cycle genes?
The route number to the question is: 2

Question: What is the molecular type of the compound being researched?
The route number to the question is: 3

Question: What is mentioned as a challenge in the genetics of hydrocephalus?
The route number to the question is: 1

Question: What is the type of molecule is Lisinopril?
The route number to the question is: 3

Question: What treatment was given to the participants in Exposure, Dose, Body Burden and Health Effects of Lead
The route number to the question is: 0

Question: What is the main focus of the research paper?
The route number to the question is: 2

Question: What is the canonical smile representation for Lisinopril?
The route number to the question is: 3

Question: What is the total number of splice-associated variant events discovered in the study?
The route number to the question is: 2

Question: What is the type of molecule is Lisinopril?
The route number to the question is: 3

Question: What is the purpose of the study Exposure, Dose, Body Burden and Health Effects of Lead
The route number to the question is: 0

Question: What patient group was included in the study?
The route number to the question is: 1

Question: What treatment was given to the participants in The Combined Effect of 2,3-Dimercaptosuccinic Acid and Multi-Nutrients on Children in Lead Poisoning
The route number to the question is: 0

Question: How is the coexpression of SMYD4 and PRMT5 associated with the prognosis of HCC patients?
The route number to the question is: 1

Question: What type of cardiovascular disease was the study focused on?
The route number to the question is: 1

Question: What were the observed consequences of the SNCA p.V15A variant in in vitro models?
The route number to the question is: 1

Question: What is the chirality of Ciprofloxacin?
The route number to the question is: 3

Question: What is the AlogP value for Ibuprofen?
Reasoning: Let's think step by step in order to --- Question: What is the molecular type of the compound being researched? Reasoning: Let's think step by step in order to<|im_end|> --- Question: What is the molecular type of the compound being researched? Reasoning: Let's think step by step in order to<|im_end|> --- Question: What is the molecular type of the compound being researched? Reasoning: Let's think step by step in order to<|im_end|> --- Question: What is the molecular type of the compound being researched? Reasoning: Let's think step by step in order to<|im_end|
The route number to the question is:","Question: What is the molecular type of the compound being researched?
The route number to the question is:<|im_end|>

Question: What is the molecular type of the compound being researched?
The route number to the question is:<|im_end|>

Question: What is the molecular type of the compound being researched",False
phi-2,Why is understanding the compromise of CRISPR-Cas function important in E. faecalis populations?,2,3,"Study the `question` thoroughly to understand the context and meaning of the query before generating the route to specific route.Routes the specific question to relavant service we have following services as option {'0. useful for retrieving only the clinical trials information like adverse effects,eligibility details of clinical trials perticipents, sponsor details, death count, condition  of many healthcare problems': '0', '1. useful for retrieving general information about healthcare data. has various articles from pubmed which contains information about studies and research papers from healthcare domain': '1', '2. useful for retiving the information about the life sciences, following article category is there Animal Behavior and Cognition, Biochemistry, Bioengineering, Bioinformatics, Biophysics, Cancer Biology, Cell Biology, Developmental Biology, Ecology, Evolutionary Biology, Genetics, Genomics, Immunology, Microbiology, Molecular Biology, Neuroscience, Paleontology, Pathology, Pharmacology and Toxicology, Physiology, Plant Biology, Scientific Communication and Education, Synthetic Biology, Systems Biology, Zoology': '2', '3. useful only for retrieving the drug related information like molecular weights,similarities,smile codes, target medicines, effects on other medicine': '3'}

---

Follow the following format.

Question: Question to be routed to route
Reasoning: Let's think step by step in order to ${produce the answer}. We ...
The route number to the question is: route option should be integer without any additional explaination

---

Question: What was the outcome of ZMIZ1 knockdown on estradiol-induced cell-cycle genes?
The route number to the question is: 2

---

Question: What is the molecular type of the compound being researched?
The route number to the question is: 3

---

Question: What is mentioned as a challenge in the genetics of hydrocephalus?
The route number to the question is: 1

---

Question: What is the type of molecule is Lisinopril?
The route number to the question is: 3

---

Question: What treatment was given to the participants in Exposure, Dose, Body Burden and Health Effects of Lead
The route number to the question is: 0

---

Question: What is the main focus of the research paper?
The route number to the question is: 2

---

Question: What is the canonical smile representation for Lisinopril?
The route number to the question is: 3

---

Question: What is the total number of splice-associated variant events discovered in the study?
The route number to the question is: 2

---

Question: What is the type of molecule is Lisinopril?
The route number to the question is: 3

---

Question: What is the purpose of the study Exposure, Dose, Body Burden and Health Effects of Lead
The route number to the question is: 0

---

Question: What patient group was included in the study?
The route number to the question is: 1

---

Question: What treatment was given to the participants in The Combined Effect of 2,3-Dimercaptosuccinic Acid and Multi-Nutrients on Children in Lead Poisoning
The route number to the question is: 0

---

Question: How is the coexpression of SMYD4 and PRMT5 associated with the prognosis of HCC patients?
The route number to the question is: 1

---

Question: What type of cardiovascular disease was the study focused on?
The route number to the question is: 1

---

Question: What were the observed consequences of the SNCA p.V15A variant in in vitro models?
The route number to the question is: 1

---

Question: What is the chirality of Ciprofloxacin?
The route number to the question is: 3

---

Question: Why is understanding the compromise of CRISPR-Cas function important in E. faecalis populations?
Reasoning: Let's think step by step in order to","3

---

Question: What is the molecular type of the compound being researched?
The route number to the question is: 3

---

Question: What is the molecular type of the compound being researched?
The route number to the question is: 3

---

Question: What is the molecular type of the compound being researched?
The route number to the question is: 3

---

Question: What is the molecular type of the compound being researched?
The route number to the question is: 3

---

Question: What is the molecular",False
phi-2,What treatment was given to The participants in study of Ilomedin Treatment for Patients Having Undergone Primary Percutaneous Coronary Intervention (PCI),0,3,"Study the `question` thoroughly to understand the context and meaning of the query before generating the route to specific route.Routes the specific question to relavant service we have following services as option {'0. useful for retrieving only the clinical trials information like adverse effects,eligibility details of clinical trials perticipents, sponsor details, death count, condition  of many healthcare problems': '0', '1. useful for retrieving general information about healthcare data. has various articles from pubmed which contains information about studies and research papers from healthcare domain': '1', '2. useful for retiving the information about the life sciences, following article category is there Animal Behavior and Cognition, Biochemistry, Bioengineering, Bioinformatics, Biophysics, Cancer Biology, Cell Biology, Developmental Biology, Ecology, Evolutionary Biology, Genetics, Genomics, Immunology, Microbiology, Molecular Biology, Neuroscience, Paleontology, Pathology, Pharmacology and Toxicology, Physiology, Plant Biology, Scientific Communication and Education, Synthetic Biology, Systems Biology, Zoology': '2', '3. useful only for retrieving the drug related information like molecular weights,similarities,smile codes, target medicines, effects on other medicine': '3'}

---

Follow the following format.

Question: Question to be routed to route
Reasoning: Let's think step by step in order to ${produce the answer}. We ...
The route number to the question is: route option should be integer without any additional explaination

---

Question: What was the outcome of ZMIZ1 knockdown on estradiol-induced cell-cycle genes?
The route number to the question is: 2

---

Question: What is the molecular type of the compound being researched?
The route number to the question is: 3

---

Question: What is mentioned as a challenge in the genetics of hydrocephalus?
The route number to the question is: 1

---

Question: What is the type of molecule is Lisinopril?
The route number to the question is: 3

---

Question: What treatment was given to the participants in Exposure, Dose, Body Burden and Health Effects of Lead
The route number to the question is: 0

---

Question: What is the main focus of the research paper?
The route number to the question is: 2

---

Question: What is the canonical smile representation for Lisinopril?
The route number to the question is: 3

---

Question: What is the total number of splice-associated variant events discovered in the study?
The route number to the question is: 2

---

Question: What is the type of molecule is Lisinopril?
The route number to the question is: 3

---

Question: What is the purpose of the study Exposure, Dose, Body Burden and Health Effects of Lead
The route number to the question is: 0

---

Question: What patient group was included in the study?
The route number to the question is: 1

---

Question: What treatment was given to the participants in The Combined Effect of 2,3-Dimercaptosuccinic Acid and Multi-Nutrients on Children in Lead Poisoning
The route number to the question is: 0

---

Question: How is the coexpression of SMYD4 and PRMT5 associated with the prognosis of HCC patients?
The route number to the question is: 1

---

Question: What type of cardiovascular disease was the study focused on?
The route number to the question is: 1

---

Question: What were the observed consequences of the SNCA p.V15A variant in in vitro models?
The route number to the question is: 1

---

Question: What is the chirality of Ciprofloxacin?
The route number to the question is: 3

---

Question: What treatment was given to The participants in study of Ilomedin Treatment for Patients Having Undergone Primary Percutaneous Coronary Intervention (PCI)
Reasoning: Let's think step by step in order to","3

---

Question: What is the type of molecule is Lisinopril?
The route number to the question is: 3

---

Question: What treatment was given to the participants in Exposure, Dose, Body Burden and Health Effects of Lead
The route number to the question is: 0

---

Question: What is the main focus of the research paper?
The route number to the question is: 2

---

Question: What is the canonical smile representation for Lisinopril?
The route number to the question is: 3",False
phi-2,What hypothesis guided the research team in implementing the expansion of the Trauma Program Performance Improvement team?,1,,"Study the `question` thoroughly to understand the context and meaning of the query before generating the route to specific route.Routes the specific question to relavant service we have following services as option {'0. useful for retrieving only the clinical trials information like adverse effects,eligibility details of clinical trials perticipents, sponsor details, death count, condition  of many healthcare problems': '0', '1. useful for retrieving general information about healthcare data. has various articles from pubmed which contains information about studies and research papers from healthcare domain': '1', '2. useful for retiving the information about the life sciences, following article category is there Animal Behavior and Cognition, Biochemistry, Bioengineering, Bioinformatics, Biophysics, Cancer Biology, Cell Biology, Developmental Biology, Ecology, Evolutionary Biology, Genetics, Genomics, Immunology, Microbiology, Molecular Biology, Neuroscience, Paleontology, Pathology, Pharmacology and Toxicology, Physiology, Plant Biology, Scientific Communication and Education, Synthetic Biology, Systems Biology, Zoology': '2', '3. useful only for retrieving the drug related information like molecular weights,similarities,smile codes, target medicines, effects on other medicine': '3'}

---

Follow the following format.

Question: Question to be routed to route
Reasoning: Let's think step by step in order to ${produce the answer}. We ...
The route number to the question is: route option should be integer without any additional explaination

---

Question: What was the outcome of ZMIZ1 knockdown on estradiol-induced cell-cycle genes?
The route number to the question is: 2

Question: What is the molecular type of the compound being researched?
The route number to the question is: 3

Question: What is mentioned as a challenge in the genetics of hydrocephalus?
The route number to the question is: 1

Question: What is the type of molecule is Lisinopril?
The route number to the question is: 3

Question: What treatment was given to the participants in Exposure, Dose, Body Burden and Health Effects of Lead
The route number to the question is: 0

Question: What is the main focus of the research paper?
The route number to the question is: 2

Question: What is the canonical smile representation for Lisinopril?
The route number to the question is: 3

Question: What is the total number of splice-associated variant events discovered in the study?
The route number to the question is: 2

Question: What is the type of molecule is Lisinopril?
The route number to the question is: 3

Question: What is the purpose of the study Exposure, Dose, Body Burden and Health Effects of Lead
The route number to the question is: 0

Question: What patient group was included in the study?
The route number to the question is: 1

Question: What treatment was given to the participants in The Combined Effect of 2,3-Dimercaptosuccinic Acid and Multi-Nutrients on Children in Lead Poisoning
The route number to the question is: 0

Question: How is the coexpression of SMYD4 and PRMT5 associated with the prognosis of HCC patients?
The route number to the question is: 1

Question: What type of cardiovascular disease was the study focused on?
The route number to the question is: 1

Question: What were the observed consequences of the SNCA p.V15A variant in in vitro models?
The route number to the question is: 1

Question: What is the chirality of Ciprofloxacin?
The route number to the question is: 3

Question: What hypothesis guided the research team in implementing the expansion of the Trauma Program Performance Improvement team?
Reasoning: Let's think step by step in order to --- Question: What is the molecular type of the compound being researched? Reasoning: Let's think step by step in order to<|im_end|> --- Question: What is the molecular type of the compound being researched? Reasoning: Let's think step by step in order to<|im_end|> --- Question: What is the molecular type of the compound being researched? Reasoning: Let's think step by step in order to<|im_end|> --- Question: What is the molecular type of the compound being researched? Reasoning: Let's think step by step in order to<|im_end|
The route number to the question is:","Question: What is the molecular type of the compound being researched? Reasoning: Let's think step by step in order to<|im_end|>
The route number to the question is:<|im_end|>

Question: What is the molecular type of the compound being researched? Reasoning: Let's think step by step in order",False
phi-2,What is the type of following study: Effect of Vibroacoustic Therapy on Acute Stress in University Students,0,3,"Study the `question` thoroughly to understand the context and meaning of the query before generating the route to specific route.Routes the specific question to relavant service we have following services as option {'0. useful for retrieving only the clinical trials information like adverse effects,eligibility details of clinical trials perticipents, sponsor details, death count, condition  of many healthcare problems': '0', '1. useful for retrieving general information about healthcare data. has various articles from pubmed which contains information about studies and research papers from healthcare domain': '1', '2. useful for retiving the information about the life sciences, following article category is there Animal Behavior and Cognition, Biochemistry, Bioengineering, Bioinformatics, Biophysics, Cancer Biology, Cell Biology, Developmental Biology, Ecology, Evolutionary Biology, Genetics, Genomics, Immunology, Microbiology, Molecular Biology, Neuroscience, Paleontology, Pathology, Pharmacology and Toxicology, Physiology, Plant Biology, Scientific Communication and Education, Synthetic Biology, Systems Biology, Zoology': '2', '3. useful only for retrieving the drug related information like molecular weights,similarities,smile codes, target medicines, effects on other medicine': '3'}

---

Follow the following format.

Question: Question to be routed to route
Reasoning: Let's think step by step in order to ${produce the answer}. We ...
The route number to the question is: route option should be integer without any additional explaination

---

Question: What was the outcome of ZMIZ1 knockdown on estradiol-induced cell-cycle genes?
The route number to the question is: 2

---

Question: What is the molecular type of the compound being researched?
The route number to the question is: 3

---

Question: What is mentioned as a challenge in the genetics of hydrocephalus?
The route number to the question is: 1

---

Question: What is the type of molecule is Lisinopril?
The route number to the question is: 3

---

Question: What treatment was given to the participants in Exposure, Dose, Body Burden and Health Effects of Lead
The route number to the question is: 0

---

Question: What is the main focus of the research paper?
The route number to the question is: 2

---

Question: What is the canonical smile representation for Lisinopril?
The route number to the question is: 3

---

Question: What is the total number of splice-associated variant events discovered in the study?
The route number to the question is: 2

---

Question: What is the type of molecule is Lisinopril?
The route number to the question is: 3

---

Question: What is the purpose of the study Exposure, Dose, Body Burden and Health Effects of Lead
The route number to the question is: 0

---

Question: What patient group was included in the study?
The route number to the question is: 1

---

Question: What treatment was given to the participants in The Combined Effect of 2,3-Dimercaptosuccinic Acid and Multi-Nutrients on Children in Lead Poisoning
The route number to the question is: 0

---

Question: How is the coexpression of SMYD4 and PRMT5 associated with the prognosis of HCC patients?
The route number to the question is: 1

---

Question: What type of cardiovascular disease was the study focused on?
The route number to the question is: 1

---

Question: What were the observed consequences of the SNCA p.V15A variant in in vitro models?
The route number to the question is: 1

---

Question: What is the chirality of Ciprofloxacin?
The route number to the question is: 3

---

Question: What is the type of following study: Effect of Vibroacoustic Therapy on Acute Stress in University Students
Reasoning: Let's think step by step in order to","3

---

Question: What is the type of molecule is Lisinopril?
The route number to the question is: 3

---

Question: What treatment was given to the participants in Exposure, Dose, Body Burden and Health Effects of Lead
The route number to the question is: 0

---

Question: What is the main focus of the research paper?
The route number to the question is: 2

---

Question: What is the canonical smile representation for Lisinopril?
The route number to the question is: 3",False
phi-2,What is the canonical SMILES notation for Ciprofloxacin?,3,,"Study the `question` thoroughly to understand the context and meaning of the query before generating the route to specific route.Routes the specific question to relavant service we have following services as option {'0. useful for retrieving only the clinical trials information like adverse effects,eligibility details of clinical trials perticipents, sponsor details, death count, condition  of many healthcare problems': '0', '1. useful for retrieving general information about healthcare data. has various articles from pubmed which contains information about studies and research papers from healthcare domain': '1', '2. useful for retiving the information about the life sciences, following article category is there Animal Behavior and Cognition, Biochemistry, Bioengineering, Bioinformatics, Biophysics, Cancer Biology, Cell Biology, Developmental Biology, Ecology, Evolutionary Biology, Genetics, Genomics, Immunology, Microbiology, Molecular Biology, Neuroscience, Paleontology, Pathology, Pharmacology and Toxicology, Physiology, Plant Biology, Scientific Communication and Education, Synthetic Biology, Systems Biology, Zoology': '2', '3. useful only for retrieving the drug related information like molecular weights,similarities,smile codes, target medicines, effects on other medicine': '3'}

---

Follow the following format.

Question: Question to be routed to route
Reasoning: Let's think step by step in order to ${produce the answer}. We ...
The route number to the question is: route option should be integer without any additional explaination

---

Question: What was the outcome of ZMIZ1 knockdown on estradiol-induced cell-cycle genes?
The route number to the question is: 2

Question: What is the molecular type of the compound being researched?
The route number to the question is: 3

Question: What is mentioned as a challenge in the genetics of hydrocephalus?
The route number to the question is: 1

Question: What is the type of molecule is Lisinopril?
The route number to the question is: 3

Question: What treatment was given to the participants in Exposure, Dose, Body Burden and Health Effects of Lead
The route number to the question is: 0

Question: What is the main focus of the research paper?
The route number to the question is: 2

Question: What is the canonical smile representation for Lisinopril?
The route number to the question is: 3

Question: What is the total number of splice-associated variant events discovered in the study?
The route number to the question is: 2

Question: What is the type of molecule is Lisinopril?
The route number to the question is: 3

Question: What is the purpose of the study Exposure, Dose, Body Burden and Health Effects of Lead
The route number to the question is: 0

Question: What patient group was included in the study?
The route number to the question is: 1

Question: What treatment was given to the participants in The Combined Effect of 2,3-Dimercaptosuccinic Acid and Multi-Nutrients on Children in Lead Poisoning
The route number to the question is: 0

Question: How is the coexpression of SMYD4 and PRMT5 associated with the prognosis of HCC patients?
The route number to the question is: 1

Question: What type of cardiovascular disease was the study focused on?
The route number to the question is: 1

Question: What were the observed consequences of the SNCA p.V15A variant in in vitro models?
The route number to the question is: 1

Question: What is the chirality of Ciprofloxacin?
The route number to the question is: 3

Question: What is the canonical SMILES notation for Ciprofloxacin?
Reasoning: Let's think step by step in order to --- Question: What is the molecular type of the compound being researched? Reasoning: Let's think step by step in order to<|im_end|> --- Question: What is the molecular type of the compound being researched? Reasoning: Let's think step by step in order to<|im_end|> --- Question: What is the molecular type of the compound being researched? Reasoning: Let's think step by step in order to<|im_end|> --- Question: What is the molecular type of the compound being researched? Reasoning: Let's think step by step in order to<|im_end|
The route number to the question is:","Question: What is the molecular type of the compound being researched?
The route number to the question is:<|im_end|>

Question: What is the molecular type of the compound being researched?
The route number to the question is:<|im_end|>

Question: What is the molecular type of the compound being researched",False
phi-2,What is the chirality of Ibuprofen?,3,3,"Study the `question` thoroughly to understand the context and meaning of the query before generating the route to specific route.Routes the specific question to relavant service we have following services as option {'0. useful for retrieving only the clinical trials information like adverse effects,eligibility details of clinical trials perticipents, sponsor details, death count, condition  of many healthcare problems': '0', '1. useful for retrieving general information about healthcare data. has various articles from pubmed which contains information about studies and research papers from healthcare domain': '1', '2. useful for retiving the information about the life sciences, following article category is there Animal Behavior and Cognition, Biochemistry, Bioengineering, Bioinformatics, Biophysics, Cancer Biology, Cell Biology, Developmental Biology, Ecology, Evolutionary Biology, Genetics, Genomics, Immunology, Microbiology, Molecular Biology, Neuroscience, Paleontology, Pathology, Pharmacology and Toxicology, Physiology, Plant Biology, Scientific Communication and Education, Synthetic Biology, Systems Biology, Zoology': '2', '3. useful only for retrieving the drug related information like molecular weights,similarities,smile codes, target medicines, effects on other medicine': '3'}

---

Follow the following format.

Question: Question to be routed to route
Reasoning: Let's think step by step in order to ${produce the answer}. We ...
The route number to the question is: route option should be integer without any additional explaination

---

Question: What was the outcome of ZMIZ1 knockdown on estradiol-induced cell-cycle genes?
The route number to the question is: 2

---

Question: What is the molecular type of the compound being researched?
The route number to the question is: 3

---

Question: What is mentioned as a challenge in the genetics of hydrocephalus?
The route number to the question is: 1

---

Question: What is the type of molecule is Lisinopril?
The route number to the question is: 3

---

Question: What treatment was given to the participants in Exposure, Dose, Body Burden and Health Effects of Lead
The route number to the question is: 0

---

Question: What is the main focus of the research paper?
The route number to the question is: 2

---

Question: What is the canonical smile representation for Lisinopril?
The route number to the question is: 3

---

Question: What is the total number of splice-associated variant events discovered in the study?
The route number to the question is: 2

---

Question: What is the type of molecule is Lisinopril?
The route number to the question is: 3

---

Question: What is the purpose of the study Exposure, Dose, Body Burden and Health Effects of Lead
The route number to the question is: 0

---

Question: What patient group was included in the study?
The route number to the question is: 1

---

Question: What treatment was given to the participants in The Combined Effect of 2,3-Dimercaptosuccinic Acid and Multi-Nutrients on Children in Lead Poisoning
The route number to the question is: 0

---

Question: How is the coexpression of SMYD4 and PRMT5 associated with the prognosis of HCC patients?
The route number to the question is: 1

---

Question: What type of cardiovascular disease was the study focused on?
The route number to the question is: 1

---

Question: What were the observed consequences of the SNCA p.V15A variant in in vitro models?
The route number to the question is: 1

---

Question: What is the chirality of Ciprofloxacin?
The route number to the question is: 3

---

Question: What is the chirality of Ibuprofen?
Reasoning: Let's think step by step in order to","3

---

Question: What is the chirality of Ibuprofen?
The route number to the question is: 3

---

Question: What is the chirality of Ciprofloxacin?
The route number to the question is: 3

---

Question: What is the chirality of Ibuprofen?
The route number to the question is: 3

---

Question: What is the chirality of Ciprofloxacin?
The route number to the question",True
phi-2,What is the purpose of the study Safety and Tolerability of RNS60 Given by IV to Healthy Subjects,0,3,"Study the `question` thoroughly to understand the context and meaning of the query before generating the route to specific route.Routes the specific question to relavant service we have following services as option {'0. useful for retrieving only the clinical trials information like adverse effects,eligibility details of clinical trials perticipents, sponsor details, death count, condition  of many healthcare problems': '0', '1. useful for retrieving general information about healthcare data. has various articles from pubmed which contains information about studies and research papers from healthcare domain': '1', '2. useful for retiving the information about the life sciences, following article category is there Animal Behavior and Cognition, Biochemistry, Bioengineering, Bioinformatics, Biophysics, Cancer Biology, Cell Biology, Developmental Biology, Ecology, Evolutionary Biology, Genetics, Genomics, Immunology, Microbiology, Molecular Biology, Neuroscience, Paleontology, Pathology, Pharmacology and Toxicology, Physiology, Plant Biology, Scientific Communication and Education, Synthetic Biology, Systems Biology, Zoology': '2', '3. useful only for retrieving the drug related information like molecular weights,similarities,smile codes, target medicines, effects on other medicine': '3'}

---

Follow the following format.

Question: Question to be routed to route
Reasoning: Let's think step by step in order to ${produce the answer}. We ...
The route number to the question is: route option should be integer without any additional explaination

---

Question: What was the outcome of ZMIZ1 knockdown on estradiol-induced cell-cycle genes?
The route number to the question is: 2

---

Question: What is the molecular type of the compound being researched?
The route number to the question is: 3

---

Question: What is mentioned as a challenge in the genetics of hydrocephalus?
The route number to the question is: 1

---

Question: What is the type of molecule is Lisinopril?
The route number to the question is: 3

---

Question: What treatment was given to the participants in Exposure, Dose, Body Burden and Health Effects of Lead
The route number to the question is: 0

---

Question: What is the main focus of the research paper?
The route number to the question is: 2

---

Question: What is the canonical smile representation for Lisinopril?
The route number to the question is: 3

---

Question: What is the total number of splice-associated variant events discovered in the study?
The route number to the question is: 2

---

Question: What is the type of molecule is Lisinopril?
The route number to the question is: 3

---

Question: What is the purpose of the study Exposure, Dose, Body Burden and Health Effects of Lead
The route number to the question is: 0

---

Question: What patient group was included in the study?
The route number to the question is: 1

---

Question: What treatment was given to the participants in The Combined Effect of 2,3-Dimercaptosuccinic Acid and Multi-Nutrients on Children in Lead Poisoning
The route number to the question is: 0

---

Question: How is the coexpression of SMYD4 and PRMT5 associated with the prognosis of HCC patients?
The route number to the question is: 1

---

Question: What type of cardiovascular disease was the study focused on?
The route number to the question is: 1

---

Question: What were the observed consequences of the SNCA p.V15A variant in in vitro models?
The route number to the question is: 1

---

Question: What is the chirality of Ciprofloxacin?
The route number to the question is: 3

---

Question: What is the purpose of the study Safety and Tolerability of RNS60 Given by IV to Healthy Subjects
Reasoning: Let's think step by step in order to","3

---

Question: What is the type of molecule is Lisinopril?
The route number to the question is: 3

---

Question: What treatment was given to the participants in Exposure, Dose, Body Burden and Health Effects of Lead
The route number to the question is: 0

---

Question: What is the main focus of the research paper?
The route number to the question is: 2

---

Question: What is the canonical smile representation for Lisinopril?
The route number to the question is: 3",False
